"political_interest","political_trust","read_newspapers","canvassed","education_level","age","ideology"
3,4,1,1,1,21,3
3,6,1,2,2,53,0
3,4,1,1,1,56,5
3,1,2,1,1,65,6
3,4,2,1,5,68,2
3,4,2,1,6,34,4
3,10,1,1,1,83,7
3,3,2,1,1,66,5
2,8,2,1,1,66,6
2,3,1,1,4,42,NA
3,2,2,1,4,58,5
4,5,1,2,5,24,5
3,3,2,2,3,78,4
3,5,1,1,5,45,6
1,5,2,1,1,93,10
3,5,2,1,2,34,5
2,3,1,1,3,23,10
3,4,1,1,4,27,5
3,0,2,2,5,36,0
3,3,1,1,5,40,5
3,0,2,1,6,44,5
3,1,2,2,4,51,5
2,3,1,2,5,65,4
1,0,1,2,3,64,5
3,6,1,2,4,55,2
3,2,1,2,2,57,0
4,2,2,1,5,27,7
3,2,2,1,5,35,4
2,0,1,1,5,66,4
3,6,2,1,5,62,6
4,3,2,1,5,56,7
1,0,1,1,1,67,5
3,2,2,1,5,49,7
3,6,2,1,5,43,5
4,2,1,2,5,59,2
2,1,2,1,5,80,7
3,3,1,1,4,36,7
4,7,2,2,1,71,NA
2,2,1,1,1,80,5
4,6,2,1,5,60,3
3,2,2,1,5,44,5
4,7,2,2,5,69,6
3,3,1,1,1,65,4
4,7,2,1,5,62,9
3,7,2,2,5,40,6
4,0,2,1,6,30,NA
2,5,1,1,1,19,NA
2,5,1,1,2,51,6
3,5,1,2,3,88,5
2,4,2,1,1,68,NA
3,5,2,1,1,82,NA
3,7,1,NA,5,45,7
3,6,2,1,4,64,2
3,4,2,1,6,60,5
1,2,1,1,3,47,5
1,2,1,1,3,60,5
2,5,1,NA,5,53,6
3,3,2,1,6,51,3
1,10,1,1,1,34,NA
3,0,2,1,1,34,NA
3,8,1,2,3,38,8
3,5,2,1,6,44,5
3,4,1,1,3,20,7
3,4,2,1,5,21,NA
3,4,2,1,1,75,5
3,4,2,2,6,42,5
3,5,1,1,4,68,5
2,4,2,1,5,62,4
3,0,1,2,5,62,NA
2,5,2,1,1,NA,NA
3,8,1,1,1,78,10
3,3,2,1,1,54,2
3,0,1,1,3,55,NA
1,5,1,1,1,61,NA
4,4,1,1,6,58,3
3,2,1,1,2,41,1
3,4,2,1,5,53,6
4,2,1,2,3,28,2
4,1,1,1,5,34,6
4,5,2,1,1,82,10
3,3,1,1,5,46,6
3,5,1,2,1,94,7
2,8,1,1,1,63,10
1,8,1,1,3,50,NA
4,6,2,1,1,68,NA
3,4,2,1,5,24,4
3,5,1,1,4,26,2
3,1,1,1,1,57,5
3,5,2,1,4,64,5
3,7,1,1,1,53,4
4,2,2,1,2,71,5
3,6,2,2,1,71,8
1,1,1,1,1,89,NA
1,1,1,1,4,57,3
2,3,2,1,3,64,5
3,3,2,1,5,80,NA
1,3,1,1,1,80,5
1,2,1,1,2,79,NA
4,8,2,1,5,67,2
2,3,1,1,1,57,5
4,10,2,1,5,45,3
2,3,2,2,1,27,5
3,5,1,2,1,86,NA
1,4,1,1,4,57,5
2,4,1,2,1,62,5
2,5,2,1,1,80,7
4,5,2,1,1,71,5
3,6,1,2,4,44,6
2,5,1,NA,5,46,5
4,7,2,1,3,72,5
4,4,2,1,5,48,10
3,8,2,2,5,68,8
3,5,1,1,5,40,5
3,3,1,1,5,72,5
4,4,2,1,5,50,6
3,4,2,1,5,59,7
3,0,2,1,5,36,3
3,1,2,1,6,72,5
3,6,2,1,5,30,3
3,0,1,1,1,63,5
4,7,2,2,5,58,3
3,2,2,1,5,64,5
1,0,2,2,1,58,4
3,5,2,2,5,33,5
4,4,2,2,5,66,1
3,7,2,2,5,62,3
1,0,1,1,5,54,8
1,0,1,1,4,39,4
1,0,1,2,1,78,NA
3,7,2,1,4,47,5
2,2,1,1,6,42,2
2,3,2,1,4,19,3
2,0,1,1,2,31,0
3,6,2,1,3,61,NA
3,7,2,1,6,81,9
2,1,1,1,4,39,NA
2,4,1,1,5,40,NA
2,6,1,1,3,51,5
3,4,1,1,NA,73,5
4,3,2,1,5,72,10
3,4,2,1,4,55,5
2,3,1,1,5,52,4
3,5,1,1,1,78,5
3,1,2,1,5,66,5
1,2,1,1,5,53,NA
3,5,2,2,5,64,7
2,3,1,1,5,46,5
2,4,1,1,5,51,5
2,3,1,1,1,62,5
3,3,1,1,3,52,5
4,2,2,1,6,37,3
2,5,1,1,3,23,5
3,1,2,1,5,64,7
3,6,2,1,1,62,6
4,7,2,1,NA,56,6
4,5,2,1,5,52,4
3,5,2,2,5,37,4
4,10,2,2,1,41,8
2,5,2,1,4,20,5
3,2,1,2,6,51,4
3,4,1,1,4,24,4
4,7,2,1,5,68,7
4,5,2,2,1,75,8
2,3,1,2,4,34,5
1,0,1,2,1,75,5
4,3,2,1,6,52,4
3,1,2,2,3,72,7
2,5,1,NA,3,51,5
2,5,1,NA,1,52,4
3,2,2,2,3,56,3
3,5,2,2,6,32,7
3,4,1,1,2,52,8
3,7,NA,NA,5,44,5
2,3,1,2,2,53,6
3,1,2,1,5,41,NA
2,4,1,1,3,43,6
3,4,2,2,3,35,4
3,3,2,1,5,68,6
3,6,1,1,3,62,6
3,1,1,1,1,62,6
3,3,2,1,5,43,5
3,7,1,1,2,69,9
3,4,2,1,4,20,3
3,1,2,1,2,74,5
4,6,1,1,4,44,5
2,4,2,2,3,77,5
4,3,1,1,1,87,5
3,4,2,1,1,69,5
3,2,2,1,1,34,5
3,3,1,1,3,56,8
4,5,1,1,5,83,8
3,0,1,1,5,53,7
4,3,2,1,1,60,3
1,1,2,1,3,34,5
3,5,1,1,4,86,8
4,7,1,1,1,63,7
3,5,1,1,5,65,5
4,2,2,2,4,68,7
2,4,2,1,1,65,5
1,5,1,1,1,74,NA
2,1,1,2,1,61,NA
2,4,1,2,3,59,5
3,5,2,1,5,66,6
3,5,2,1,3,86,5
2,4,1,1,1,74,8
2,4,1,2,5,29,4
1,5,2,1,5,32,4
1,1,1,1,5,24,NA
1,4,1,1,1,63,2
4,6,1,1,1,53,8
2,3,1,2,1,87,4
1,3,1,1,1,48,2
2,4,1,1,1,53,3
4,3,2,1,3,29,5
1,0,2,1,3,73,5
1,1,1,1,1,41,5
3,8,2,1,4,64,6
3,6,2,NA,5,31,NA
1,7,1,2,1,83,6
4,7,2,2,5,46,3
3,6,2,1,5,50,4
3,4,1,1,6,29,7
2,2,2,1,3,51,5
3,5,1,1,5,57,5
3,7,1,1,5,42,5
2,0,1,1,1,42,3
1,3,1,1,3,18,NA
2,3,1,1,5,50,5
3,6,2,1,3,78,4
3,6,2,1,6,52,7
4,2,2,1,6,33,2
4,3,1,1,NA,34,5
2,0,1,1,5,33,3
4,6,2,1,5,66,6
4,7,2,1,5,54,2
3,6,1,1,5,81,8
3,4,2,1,2,24,3
3,5,2,1,2,66,8
4,4,1,1,4,69,8
2,0,1,1,1,55,5
2,2,2,1,1,37,5
2,4,1,1,3,53,6
2,6,1,2,4,37,NA
4,5,2,2,3,74,6
3,7,2,2,5,61,3
3,2,2,1,3,58,5
3,5,2,2,6,57,5
3,1,2,1,NA,47,5
2,4,1,2,1,64,5
2,0,1,1,3,22,4
3,5,1,1,5,35,5
2,4,1,1,5,30,4
1,7,1,1,1,67,10
3,3,2,1,1,80,5
2,4,1,1,5,22,NA
2,1,1,1,3,62,7
3,5,2,1,5,56,5
1,2,1,1,2,70,7
4,0,1,1,5,73,0
4,5,2,1,NA,82,3
3,3,2,1,NA,21,NA
4,7,2,2,5,47,8
2,1,1,2,4,42,3
3,7,1,1,3,67,NA
2,1,1,1,4,55,NA
1,1,1,1,1,60,NA
2,2,1,1,3,63,5
1,0,1,1,2,50,5
3,5,2,1,4,85,5
3,0,2,1,3,78,5
4,3,1,1,6,57,4
3,1,2,1,5,76,7
4,0,2,2,4,67,5
3,6,2,2,4,44,8
2,3,1,1,3,28,NA
1,0,1,NA,3,47,NA
4,3,2,1,4,19,2
2,1,1,1,6,62,8
3,4,2,1,4,74,7
3,4,1,1,5,38,7
3,7,2,1,3,81,7
2,3,2,1,5,61,5
4,2,2,1,6,63,5
3,6,1,1,5,64,7
3,5,2,1,4,60,5
3,7,2,1,5,85,7
3,2,1,1,1,71,3
3,4,1,1,3,23,NA
1,0,2,2,1,83,5
3,1,2,NA,4,52,6
2,0,1,1,3,41,NA
3,3,1,1,2,29,6
2,3,2,1,3,78,3
1,0,1,1,3,24,NA
3,4,1,1,4,24,NA
3,5,1,1,5,45,6
3,6,1,1,4,18,3
1,0,1,1,4,34,NA
3,3,1,1,1,80,6
3,6,1,1,4,38,2
2,1,1,1,5,33,NA
3,5,1,1,5,81,5
3,8,1,1,5,39,5
4,5,2,1,5,23,3
3,7,2,1,4,80,5
2,1,1,1,5,25,5
2,2,2,2,3,43,5
2,3,2,1,5,44,5
2,4,1,1,1,75,4
3,0,2,1,4,63,3
2,0,1,1,5,41,4
2,0,2,2,4,30,NA
3,6,2,1,6,35,4
3,5,2,1,3,67,4
4,2,2,1,5,32,5
2,3,2,1,5,42,5
2,2,1,2,5,50,4
2,2,1,1,3,46,3
3,6,1,1,3,69,3
3,3,2,1,4,31,4
1,0,1,1,3,39,5
1,2,1,1,3,48,NA
3,6,2,1,3,18,7
3,3,1,1,4,69,5
2,3,1,1,3,96,5
3,5,2,2,5,36,6
3,6,2,1,3,56,6
4,5,2,1,4,50,2
3,7,2,1,3,79,10
4,4,2,1,5,46,9
3,6,2,1,3,63,6
4,7,2,1,5,59,4
2,5,1,1,3,49,NA
3,1,2,1,1,65,4
2,5,1,1,5,24,5
1,5,1,1,4,45,5
3,0,1,1,1,62,6
4,4,2,2,6,48,2
3,5,2,1,5,59,5
1,0,1,1,1,67,5
3,8,2,1,1,75,6
3,3,2,1,1,82,8
3,8,2,1,4,60,8
3,7,1,1,5,42,6
4,4,2,2,5,60,3
3,3,1,1,5,69,6
4,3,2,1,5,42,4
3,5,2,2,5,82,7
3,7,2,1,5,66,3
3,3,1,1,1,57,5
3,3,2,1,5,60,4
3,2,1,1,5,31,5
3,5,1,1,4,56,7
3,2,2,1,4,57,0
2,0,1,1,2,41,NA
2,5,2,2,3,84,8
1,10,1,1,1,90,10
3,6,1,1,5,72,3
4,6,1,2,3,65,6
3,6,1,1,1,66,7
4,5,2,1,5,59,2
3,7,2,1,NA,55,3
4,6,2,2,1,82,8
4,9,1,2,6,32,1
3,2,2,2,3,88,5
3,0,2,2,1,72,5
4,0,1,2,1,29,5
1,7,1,2,1,59,NA
2,1,1,2,5,30,NA
3,6,2,1,3,51,6
2,0,1,1,3,38,NA
1,0,1,2,2,43,NA
4,4,1,1,5,42,4
3,1,1,NA,2,33,4
3,5,2,NA,6,44,2
4,0,2,1,1,74,10
3,3,2,2,5,52,5
4,0,2,1,4,48,6
4,2,2,2,1,74,10
3,8,2,1,1,72,3
3,3,1,2,4,58,6
3,0,2,1,6,70,1
2,5,2,2,4,19,2
3,2,2,2,6,41,6
3,4,2,2,1,68,7
4,0,1,1,5,28,3
3,5,2,2,6,30,3
2,3,2,2,4,35,4
4,0,2,2,5,86,5
2,4,1,1,2,44,6
3,5,1,1,5,35,10
1,1,1,NA,4,28,NA
3,6,2,1,2,66,7
3,5,2,1,3,54,5
4,7,2,2,3,51,5
2,6,2,2,4,23,6
2,5,1,NA,1,32,3
4,2,2,1,6,64,2
4,0,1,1,1,82,5
3,0,2,1,3,54,1
3,6,2,2,1,82,5
3,6,1,1,5,32,4
3,7,2,1,1,31,5
3,6,1,NA,5,47,10
2,3,2,NA,5,35,6
2,5,2,1,4,NA,2
3,2,1,2,4,NA,NA
3,5,2,1,3,58,7
2,5,1,1,4,20,NA
1,NA,1,1,1,30,NA
2,2,2,2,1,71,6
3,8,2,2,NA,33,6
3,5,2,2,3,51,4
3,4,2,1,5,70,7
3,0,2,2,6,32,2
2,3,2,2,4,46,3
4,5,1,1,4,37,5
4,3,2,1,6,50,5
4,4,2,1,NA,82,7
3,3,2,1,1,57,6
4,0,1,1,3,59,5
3,4,1,1,1,28,7
2,5,1,1,1,77,4
3,4,2,1,1,70,6
4,7,2,1,4,19,7
1,0,1,1,5,37,5
1,5,1,1,1,60,8
2,4,1,2,1,59,5
3,2,1,2,3,67,1
3,4,2,1,5,40,2
3,2,1,1,1,83,1
3,3,1,2,3,62,2
2,1,2,1,5,24,NA
4,6,2,1,3,36,3
2,5,2,2,2,58,5
2,1,1,NA,2,NA,1
2,2,2,1,4,33,4
4,6,2,1,3,57,0
1,0,1,2,5,32,NA
4,2,2,2,5,43,10
4,5,2,1,5,65,3
4,4,2,2,5,36,4
4,5,2,2,5,NA,7
2,6,2,1,3,75,7
2,5,1,NA,4,55,5
2,5,1,1,5,89,4
4,6,2,2,1,89,0
1,NA,1,1,3,20,NA
2,7,1,1,4,74,4
2,2,1,1,6,23,3
3,7,2,2,6,61,3
3,8,2,1,5,78,5
4,2,2,1,5,29,3
4,5,2,NA,5,80,2
3,3,2,1,3,43,0
3,5,1,1,4,21,4
3,7,1,1,5,70,4
3,4,1,2,4,20,3
3,6,1,2,2,64,5
3,6,1,1,5,80,2
1,0,1,2,4,32,2
4,2,2,1,5,33,7
3,6,1,1,5,57,2
3,5,2,1,5,31,3
1,1,1,1,5,47,5
3,5,2,1,3,19,3
4,3,2,1,5,31,1
4,3,2,2,5,27,5
3,3,2,2,5,33,4
3,7,2,2,5,40,4
2,3,1,2,1,53,4
3,5,2,1,6,31,2
4,2,2,2,5,29,6
3,4,2,2,5,71,5
4,7,2,1,5,40,5
3,3,2,2,5,23,3
4,3,2,2,5,NA,5
3,5,2,1,5,51,5
2,8,2,2,5,80,7
2,2,1,1,1,73,7
2,8,1,2,5,61,5
4,6,1,1,4,64,3
2,2,1,2,5,34,5
3,2,1,1,5,28,4
2,8,1,1,1,80,5
4,3,1,1,5,57,2
2,0,2,1,4,18,0
3,6,2,2,1,58,NA
2,7,1,1,1,36,NA
2,7,1,1,1,34,3
3,4,2,1,5,39,1
2,4,1,1,4,19,2
3,2,2,2,5,40,4
4,7,2,1,6,41,0
2,2,1,1,4,54,3
4,4,2,2,4,62,NA
3,4,1,1,1,85,NA
2,2,1,1,1,25,NA
2,6,2,2,6,52,5
2,7,1,2,6,36,NA
4,4,2,2,4,48,0
3,7,1,2,6,33,7
3,0,1,2,3,34,5
3,1,2,1,4,30,3
2,3,2,1,4,26,0
1,2,2,1,3,48,5
3,3,2,1,4,59,4
1,2,1,2,1,87,3
4,4,2,2,5,33,3
4,3,2,2,5,76,0
4,5,2,1,6,32,5
3,5,2,1,1,46,2
4,8,2,1,5,59,4
4,1,1,2,5,75,4
2,0,1,2,1,80,10
1,0,1,1,4,42,5
2,6,1,1,5,37,5
1,0,1,NA,4,27,NA
4,7,1,1,6,45,3
2,5,2,1,5,78,5
4,4,1,1,5,29,2
2,1,1,1,2,70,5
4,1,2,2,1,60,2
1,4,1,2,5,38,NA
2,6,1,1,1,NA,4
3,5,2,1,6,26,NA
1,5,1,1,1,66,5
4,0,2,2,5,NA,5
3,3,2,1,2,45,NA
3,6,1,2,5,33,4
3,2,2,1,5,65,3
4,5,2,1,3,73,7
3,4,2,1,6,25,3
4,5,2,2,6,36,4
3,5,2,2,4,41,2
3,7,2,1,6,63,6
3,2,1,2,1,47,5
1,NA,1,1,5,35,NA
3,4,2,1,6,37,NA
3,3,2,1,5,54,4
1,7,1,2,4,41,NA
3,4,1,1,5,40,5
4,3,2,1,3,39,5
4,5,1,2,6,40,2
3,2,2,2,5,NA,2
3,6,2,1,5,21,7
4,7,2,2,NA,74,0
1,4,1,1,5,27,5
4,4,2,2,1,39,3
4,2,2,1,5,41,6
3,4,2,1,5,29,4
3,5,2,2,6,52,2
4,3,2,1,5,37,3
3,7,2,1,6,31,NA
3,2,2,1,4,38,0
3,2,2,1,5,40,3
4,5,2,1,5,44,4
3,4,2,1,5,53,7
2,6,1,1,1,50,NA
3,3,2,1,6,87,5
3,8,2,1,5,61,6
2,4,1,2,5,36,5
1,0,1,NA,4,NA,NA
2,7,2,1,2,62,6
1,0,1,2,1,29,NA
4,9,2,2,4,69,7
3,0,2,2,3,47,1
4,5,2,1,5,23,5
1,3,1,2,2,33,2
2,5,1,2,3,59,0
4,9,2,2,5,47,7
3,6,2,2,5,29,7
3,5,2,2,2,22,2
3,0,1,1,4,33,0
3,5,1,2,1,54,5
3,8,2,1,1,47,7
3,4,1,NA,6,37,0
3,8,2,2,3,63,3
3,5,2,1,5,38,4
4,3,2,1,6,48,3
3,4,2,2,5,28,4
1,0,1,1,4,26,5
1,1,1,1,4,71,2
4,6,2,1,5,24,2
2,NA,1,1,3,59,5
1,8,1,1,1,26,5
1,0,1,1,1,21,3
4,6,2,2,6,71,6
2,4,1,1,6,28,3
1,7,1,1,5,38,NA
3,1,2,1,5,71,6
4,3,2,1,6,49,6
3,4,2,1,5,40,5
1,4,1,1,5,26,5
3,7,2,2,3,67,7
4,5,2,1,5,68,0
3,6,2,1,3,57,5
1,0,1,1,1,50,5
3,5,1,1,5,75,7
2,3,1,1,3,58,5
2,6,1,1,1,83,5
3,6,2,1,5,85,8
3,6,2,1,5,57,5
1,0,1,1,1,24,5
1,7,1,1,4,84,5
3,4,1,1,1,66,7
1,2,1,1,1,40,5
2,7,1,2,1,70,7
1,7,1,1,5,20,NA
3,0,1,1,1,75,5
4,4,2,1,5,33,7
3,4,1,1,4,22,7
1,3,1,1,1,69,3
3,3,2,2,6,36,3
3,3,1,2,5,49,4
3,0,2,1,5,69,8
3,5,2,1,4,85,9
2,5,2,1,5,84,4
1,0,1,1,3,48,5
3,8,1,2,5,34,7
4,4,1,1,6,62,4
4,3,2,1,3,70,3
2,0,2,2,3,43,5
3,5,2,1,3,72,10
3,3,2,1,3,30,4
2,5,1,1,1,55,5
3,6,2,1,3,76,5
4,3,1,1,2,69,7
1,3,2,1,4,70,5
2,5,1,2,2,54,4
3,4,1,NA,4,30,NA
3,5,1,1,3,20,8
1,0,1,NA,1,90,8
2,1,1,1,4,26,5
3,7,1,1,4,56,4
2,3,1,1,3,45,NA
3,5,1,1,3,45,3
1,0,1,1,5,35,NA
3,2,1,1,6,24,4
4,4,2,1,4,61,1
2,3,2,2,5,57,5
1,2,1,1,5,35,NA
4,6,2,1,5,56,6
1,2,1,2,4,31,NA
4,5,1,1,3,46,3
1,0,1,1,3,44,5
4,2,2,1,5,57,6
1,0,1,1,4,36,4
3,0,2,1,4,56,NA
3,3,1,1,NA,73,5
2,3,1,1,NA,61,6
2,6,2,2,1,86,NA
3,3,1,1,5,46,5
4,7,2,1,5,89,6
1,1,1,1,1,34,3
2,1,1,1,5,27,5
4,8,2,1,5,38,4
3,1,2,1,NA,69,3
2,6,2,1,1,90,5
3,8,2,NA,5,62,7
4,6,2,1,5,88,8
1,4,1,1,4,38,NA
1,4,1,1,5,30,NA
2,0,1,1,1,71,NA
2,NA,1,1,3,23,NA
2,1,1,1,1,49,5
1,NA,1,1,1,NA,NA
2,5,2,1,2,68,3
1,1,1,1,4,22,NA
2,10,1,1,3,59,8
1,4,1,1,5,52,NA
1,0,2,1,4,36,NA
2,1,1,NA,4,44,2
1,9,1,1,1,91,NA
3,4,1,1,4,38,5
3,6,2,2,3,22,4
3,0,2,1,1,69,NA
3,0,2,1,3,64,10
3,5,2,1,5,52,1
3,3,1,1,1,90,NA
1,5,1,2,4,23,NA
2,2,1,1,5,42,1
1,2,1,1,3,58,NA
3,3,2,1,1,68,1
2,0,2,1,1,52,NA
3,0,2,1,4,58,6
3,6,2,1,4,24,NA
3,2,1,1,1,82,NA
2,0,1,NA,1,75,5
2,2,2,1,2,54,5
2,7,2,1,1,72,5
3,1,2,1,3,65,5
3,7,1,1,1,81,8
3,1,1,1,4,44,NA
2,3,1,1,4,36,2
1,0,1,1,1,69,NA
4,4,2,1,3,82,7
1,0,1,1,1,32,1
3,6,2,1,1,31,4
4,2,2,2,5,31,1
3,4,1,2,2,52,1
1,4,1,NA,5,29,5
1,3,1,1,4,24,5
3,3,2,2,5,42,4
2,5,1,2,5,79,5
3,6,2,2,3,52,5
4,5,2,1,5,82,8
2,6,1,1,1,80,7
3,3,1,1,1,70,8
4,7,2,2,4,78,8
4,6,2,1,5,76,5
4,6,1,1,6,32,8
4,6,2,1,5,33,4
3,4,1,1,4,47,9
3,8,1,1,6,56,3
2,7,1,1,6,36,5
1,5,1,NA,4,30,5
1,NA,1,1,4,50,5
3,2,2,1,5,40,5
1,5,1,1,1,66,5
2,2,2,1,3,55,5
3,7,1,1,5,74,5
3,6,2,1,5,55,3
3,6,2,1,1,84,7
4,5,2,1,NA,66,1
3,2,2,1,4,33,2
3,0,2,2,5,34,0
3,4,2,2,3,21,5
3,5,2,NA,5,22,5
2,8,NA,1,3,22,5
3,3,1,2,5,55,5
1,1,1,1,5,35,5
3,5,2,1,6,24,3
3,5,2,1,4,41,5
3,5,2,1,6,61,2
4,2,2,2,6,39,5
3,7,2,1,NA,95,8
2,3,2,1,6,32,4
3,3,1,1,1,37,4
2,3,1,1,1,69,3
1,3,1,1,1,50,4
3,3,1,1,1,59,3
1,7,1,1,1,45,3
1,4,1,1,1,43,6
3,2,1,NA,1,74,5
2,2,1,1,1,67,2
3,3,1,2,1,39,3
4,3,1,1,1,33,3
1,2,1,1,1,67,4
3,5,1,1,1,43,4
3,3,1,1,1,52,4
4,3,2,1,1,54,5
3,6,1,1,1,65,2
1,2,1,1,1,61,4
3,2,1,1,1,71,6
3,2,1,1,1,47,5
2,3,1,1,1,31,2
2,4,1,2,1,60,4
2,3,1,1,1,60,5
1,3,1,1,1,32,5
2,4,2,1,1,42,6
2,4,1,1,5,27,5
3,3,1,2,5,41,5
3,5,2,2,4,22,4
2,0,1,2,4,32,5
3,3,2,2,6,31,3
2,3,1,1,5,57,3
3,5,2,1,4,67,10
1,0,1,1,3,69,2
1,3,1,1,4,62,5
4,1,2,1,1,53,5
4,7,2,1,5,80,8
3,5,1,1,5,47,4
3,4,2,1,6,42,2
4,3,2,2,5,34,4
1,5,1,1,1,30,5
3,2,1,1,5,48,7
1,3,1,1,1,25,4
2,2,1,2,1,78,4
2,2,1,1,1,39,2
3,5,1,1,1,72,7
2,3,1,1,1,26,2
2,2,1,1,1,67,0
3,6,2,2,1,70,4
1,5,1,2,3,26,5
2,3,1,1,1,37,3
4,4,1,1,5,34,5
3,1,2,1,6,35,5
2,3,1,2,5,46,5
3,8,1,1,1,57,4
3,5,2,2,1,79,3
3,8,1,1,1,76,3
3,2,2,2,5,33,3
3,6,2,2,1,65,5
2,3,2,2,5,34,4
3,3,1,1,5,40,5
3,7,2,2,6,75,7
2,3,1,1,4,28,NA
2,3,1,1,4,33,NA
3,5,2,2,5,44,5
2,5,1,1,3,43,5
3,6,2,2,5,68,6
3,4,2,2,6,42,3
3,7,2,1,1,75,8
3,5,2,2,6,56,5
3,3,2,2,6,49,3
3,0,2,1,5,55,5
4,3,2,1,5,32,5
1,0,1,1,1,25,1
2,2,1,1,1,42,NA
3,5,1,1,5,31,5
3,7,2,1,5,28,3
3,7,2,1,1,63,5
3,3,2,1,3,66,1
1,1,1,1,1,82,5
3,3,2,1,4,35,5
4,5,2,1,4,62,4
2,2,2,1,4,65,5
2,4,1,1,1,64,6
2,4,1,1,1,45,8
3,2,2,1,5,38,3
2,NA,NA,1,3,67,5
2,0,2,1,1,73,5
2,5,1,1,1,71,5
2,6,1,1,1,42,NA
3,1,2,1,5,34,2
4,4,2,1,5,29,2
4,6,2,1,4,22,0
1,0,1,2,2,71,5
1,0,1,1,1,73,NA
2,4,2,1,3,31,NA
1,3,1,1,3,50,NA
3,1,1,1,1,25,NA
1,0,1,1,6,37,5
1,0,1,1,1,63,5
2,0,1,1,1,30,3
4,3,2,2,5,54,3
3,3,2,1,5,86,7
3,4,2,2,1,70,5
4,3,2,2,5,45,3
3,7,1,1,1,69,NA
3,0,1,1,5,58,5
4,3,2,2,3,76,1
4,5,2,1,5,70,3
2,4,1,1,5,66,5
4,7,2,1,1,75,6
2,1,2,2,1,74,5
1,3,1,2,4,45,1
3,3,2,1,4,46,4
2,0,1,1,2,77,5
3,3,1,1,1,56,10
3,4,2,1,5,23,5
2,0,1,1,4,29,5
3,3,2,1,5,42,6
2,5,1,1,4,42,NA
1,NA,1,1,5,27,5
3,7,2,1,5,84,5
3,3,2,1,3,63,5
3,1,1,1,5,79,5
3,7,1,1,1,73,7
1,0,2,1,4,38,5
2,0,1,NA,2,35,NA
2,4,2,2,5,48,NA
NA,0,1,1,4,45,NA
2,3,1,1,5,72,5
3,0,1,1,5,46,5
1,5,1,1,3,21,NA
2,1,1,1,4,26,5
2,5,2,1,5,57,10
3,3,2,1,5,22,2
3,0,2,2,3,51,NA
1,0,1,1,4,31,NA
4,1,2,2,6,42,3
1,0,1,1,5,72,NA
1,2,1,2,3,61,NA
2,0,1,1,4,37,NA
4,8,2,2,6,40,6
2,5,2,1,2,52,4
4,6,2,1,1,78,7
3,3,1,1,5,63,5
4,5,2,1,3,58,3
2,3,1,1,5,26,3
3,3,2,2,5,41,0
2,2,1,2,1,29,NA
3,4,2,2,4,44,6
2,3,1,2,4,48,4
2,7,1,1,1,75,5
3,5,2,2,3,65,NA
2,6,1,2,1,48,4
2,0,1,1,3,50,NA
1,2,1,1,1,34,5
3,8,2,1,5,61,6
4,4,2,1,5,42,7
1,2,1,1,4,41,6
3,3,2,1,6,73,6
3,5,2,1,5,63,6
1,2,1,2,3,63,4
3,6,2,1,3,78,8
3,0,2,1,1,69,5
2,8,2,1,1,71,7
4,7,1,1,1,49,5
2,3,1,1,5,38,4
3,5,2,1,5,50,5
3,1,2,1,1,66,4
3,6,2,1,4,24,6
3,7,1,1,1,48,3
3,0,1,1,5,55,NA
1,3,1,1,1,76,4
2,5,1,1,4,61,5
3,4,2,1,5,48,7
2,7,1,1,4,18,5
3,7,1,1,5,37,8
3,7,1,1,5,46,7
3,4,1,1,1,71,10
4,5,2,1,4,53,6
1,4,1,1,3,55,5
2,4,1,1,4,18,3
4,5,2,1,5,70,2
NA,0,1,1,4,44,5
2,5,1,1,1,38,5
3,3,2,1,1,44,4
3,5,1,2,5,23,5
2,3,1,2,4,23,0
3,5,1,1,5,73,5
2,3,1,1,5,62,5
4,0,2,2,3,71,7
3,4,1,2,1,49,2
4,4,2,1,5,68,5
2,2,2,1,5,54,5
3,4,2,1,6,59,8
3,8,2,1,4,71,5
3,2,1,2,1,48,NA
1,5,1,1,4,57,NA
4,1,2,2,5,43,4
2,2,1,2,4,45,3
3,3,2,1,1,68,7
4,5,2,1,5,72,0
3,7,2,1,3,66,7
3,3,2,2,5,37,3
3,5,1,1,4,44,8
4,7,2,1,5,79,8
2,2,2,2,2,90,5
3,0,1,2,3,65,5
3,4,2,1,6,31,5
2,6,2,1,4,71,4
2,5,2,1,5,72,4
3,6,1,1,3,67,8
2,3,1,1,1,71,4
3,2,2,1,5,64,5
3,0,1,1,3,22,0
3,6,1,1,5,74,NA
4,5,2,1,3,59,2
2,9,1,1,1,57,7
3,7,2,1,1,73,2
3,5,1,1,5,33,1
2,5,2,1,1,24,5
3,6,2,1,1,63,7
3,4,1,1,1,27,7
1,10,1,1,1,31,NA
1,0,1,2,1,55,0
3,7,2,NA,5,41,2
3,5,2,1,4,54,8
4,3,2,2,3,72,5
3,6,1,1,5,51,3
1,0,1,1,4,32,5
4,7,2,2,4,61,7
4,5,2,1,5,34,5
4,3,2,1,1,66,2
2,4,1,2,1,58,3
4,3,2,2,5,34,5
3,3,2,1,4,46,3
1,1,2,1,4,66,4
4,8,2,2,5,39,2
2,3,2,1,4,18,3
4,0,2,1,5,41,2
2,0,1,2,6,42,4
3,6,2,2,1,81,6
3,5,2,1,3,82,6
1,3,1,2,3,42,1
4,5,1,2,3,52,3
1,5,1,1,3,22,0
4,0,2,1,5,75,5
3,8,2,1,6,54,3
3,2,1,2,4,73,5
4,7,2,1,5,74,8
1,2,1,1,1,26,4
1,6,1,1,2,47,2
4,4,2,2,5,29,6
2,1,1,1,5,69,5
1,1,1,1,5,48,7
3,5,1,1,2,67,5
3,4,1,1,5,41,5
3,3,1,1,1,59,3
2,2,1,1,1,42,4
3,2,1,2,5,32,3
4,7,1,1,1,44,4
4,2,2,1,6,41,4
3,0,1,1,1,45,1
3,4,2,1,6,57,5
3,7,1,1,4,87,8
3,1,2,1,1,55,4
3,3,1,1,3,51,7
2,1,1,1,1,81,8
2,5,1,2,1,86,3
1,5,1,2,3,52,5
3,3,2,1,5,31,NA
3,1,2,2,5,37,5
3,3,2,2,5,28,5
4,8,2,2,1,94,10
3,3,1,2,4,28,6
1,NA,1,1,1,32,NA
2,0,2,1,3,63,3
1,6,1,1,1,80,NA
3,4,2,1,1,62,5
3,1,2,1,1,60,3
3,5,2,2,1,52,2
3,5,2,2,1,65,7
2,0,1,2,5,37,NA
3,5,2,1,3,59,7
1,1,2,2,1,63,4
3,2,2,2,1,66,5
1,0,1,1,1,37,NA
1,5,1,1,1,59,NA
1,NA,1,1,3,41,NA
3,0,1,2,6,53,2
3,1,2,2,5,36,1
1,4,1,1,2,49,4
1,4,1,1,1,50,7
4,3,2,1,4,35,5
3,5,1,1,5,55,5
3,2,1,2,1,71,NA
2,2,1,1,NA,38,5
4,0,1,1,3,65,NA
2,5,1,1,6,42,5
2,5,2,2,1,82,9
3,0,2,2,4,57,3
2,2,1,1,1,73,7
2,3,1,1,1,91,2
1,5,1,1,6,54,5
3,5,1,2,4,60,8
3,5,2,1,6,56,5
3,4,1,2,1,58,5
1,0,1,2,1,52,NA
3,7,1,1,1,83,10
4,0,1,2,5,51,5
3,3,1,1,1,42,5
3,3,1,1,5,58,5
4,2,1,1,5,40,4
2,6,2,2,NA,69,8
4,2,2,1,5,35,2
2,5,2,1,5,40,5
3,7,1,1,4,27,5
1,0,1,1,1,57,0
3,2,2,1,6,26,3
3,3,2,2,5,43,6
3,4,2,1,6,40,NA
3,5,2,2,4,86,5
3,4,2,2,5,59,3
3,3,1,1,5,37,5
4,5,2,1,6,55,3
3,8,1,2,4,20,2
3,3,2,2,6,48,6
1,0,1,2,4,63,7
3,6,1,2,5,40,6
3,5,2,1,1,97,7
3,2,2,2,5,31,4
3,1,2,2,6,44,3
1,6,1,1,1,36,3
4,8,1,1,1,42,2
1,5,1,1,1,22,0
2,9,NA,2,1,53,2
2,1,NA,1,5,40,4
2,4,1,1,1,87,3
2,9,1,2,1,27,7
2,2,1,2,1,59,7
3,3,1,1,1,62,5
2,8,1,1,1,69,1
1,10,1,NA,1,18,5
3,3,1,1,1,69,1
2,8,1,2,1,42,1
3,6,NA,1,1,56,3
2,2,NA,1,1,38,1
1,9,1,1,1,32,6
3,7,1,NA,1,61,0
1,NA,1,1,5,41,4
1,7,1,1,1,36,2
2,3,1,NA,1,60,4
1,5,1,1,1,36,1
3,2,1,1,5,49,5
3,6,2,2,3,72,5
2,3,1,1,5,55,8
2,4,1,1,4,22,4
4,0,2,2,5,49,5
4,7,2,2,5,35,0
1,8,2,1,NA,38,0
3,0,2,1,1,43,0
4,1,2,1,5,31,3
4,3,2,1,6,56,0
3,4,2,2,6,47,5
3,3,2,NA,5,43,5
2,6,1,1,5,28,3
2,5,1,1,5,28,5
3,3,1,1,4,57,4
2,3,1,1,1,27,NA
2,2,1,1,5,58,5
3,2,2,2,5,23,NA
3,0,2,1,4,55,5
1,0,1,1,1,62,NA
3,4,1,1,3,58,5
2,5,1,1,1,93,NA
3,4,2,1,3,68,6
4,6,2,1,6,68,5
3,8,2,1,3,70,3
2,2,2,1,5,66,5
3,4,1,1,4,55,7
3,3,1,1,5,46,4
2,4,2,1,1,70,5
3,3,2,1,3,49,2
3,4,2,2,5,55,5
3,3,1,1,5,43,4
4,7,2,1,4,58,4
3,2,2,2,4,48,2
2,2,2,1,5,32,5
4,3,2,1,5,69,3
2,0,1,1,3,65,3
2,0,1,1,3,72,NA
3,6,1,NA,5,54,5
3,0,2,1,5,36,5
4,3,2,NA,5,62,4
4,4,1,1,4,79,5
3,0,1,1,5,42,5
3,8,2,1,5,45,NA
3,3,2,1,5,50,5
2,3,1,1,4,52,4
3,4,1,2,4,70,7
2,1,1,1,1,33,5
3,3,2,1,1,61,4
3,8,1,1,1,55,2
2,5,1,2,1,21,2
3,10,1,1,1,34,3
2,5,2,1,4,72,5
4,5,1,1,1,70,2
3,4,NA,2,1,51,2
3,8,1,1,5,52,2
4,9,1,2,1,85,3
1,1,2,2,1,72,NA
1,0,1,1,1,28,NA
1,5,1,1,1,63,8
3,5,NA,1,1,78,5
3,0,1,1,4,52,4
3,2,2,1,3,60,5
3,3,1,1,4,56,5
1,5,1,1,1,74,NA
1,5,1,2,1,58,5
3,3,2,1,5,66,5
3,4,2,2,5,71,5
1,NA,1,1,5,25,5
4,4,2,1,1,69,4
2,5,2,1,1,69,5
3,7,2,2,3,51,5
1,0,1,1,1,74,5
3,4,2,1,2,55,3
3,2,2,2,4,59,5
3,4,1,1,4,56,NA
3,0,1,1,4,71,NA
2,5,1,2,5,84,5
1,NA,1,1,1,87,NA
2,3,1,2,1,51,3
1,4,1,1,1,30,2
3,0,2,2,5,60,2
3,5,2,2,5,32,5
1,4,1,1,1,73,4
3,3,2,2,4,28,5
3,3,2,1,5,49,2
4,4,2,1,4,72,7
3,3,1,2,5,23,4
3,5,2,1,5,75,6
2,8,1,NA,5,24,5
2,1,2,NA,5,22,7
3,7,2,2,4,75,5
3,5,2,2,6,45,5
2,4,1,1,4,46,5
3,2,2,1,4,48,5
4,2,2,2,5,57,3
2,5,2,2,4,50,5
4,6,2,1,6,46,7
1,3,1,1,5,53,NA
1,0,1,1,4,50,NA
2,1,2,1,4,54,5
4,10,2,1,4,80,5
2,1,1,1,5,32,NA
2,0,1,2,1,51,NA
2,2,1,NA,3,22,NA
1,NA,1,1,4,36,NA
3,3,1,1,2,70,5
4,3,1,1,3,64,3
1,2,1,1,4,55,5
3,3,2,1,1,59,5
3,3,1,1,2,70,5
4,5,2,2,1,89,10
2,1,1,1,1,46,6
2,3,1,1,3,44,NA
4,6,2,1,6,54,2
3,3,2,1,5,52,7
2,0,1,1,5,28,NA
3,4,1,1,5,61,4
3,4,1,1,5,29,7
2,4,1,2,1,45,5
4,NA,2,1,1,83,8
3,6,1,1,6,51,2
2,8,2,1,1,60,NA
4,5,2,1,5,62,1
3,5,1,1,5,79,5
2,1,1,1,1,57,6
2,5,2,1,2,82,8
4,2,2,1,6,66,2
3,5,1,1,5,43,3
4,0,2,1,5,67,7
3,6,2,1,6,52,8
2,1,1,2,5,47,5
4,2,2,1,4,33,2
3,5,2,1,6,62,2
4,3,2,1,5,45,5
4,5,2,2,6,52,3
4,8,2,1,1,76,5
4,7,2,1,5,62,2
3,3,2,1,6,84,7
3,2,2,1,5,59,4
4,6,2,1,5,45,7
4,4,2,1,6,60,5
3,7,2,NA,3,70,7
4,5,2,2,2,80,5
3,5,1,1,6,31,6
4,2,2,1,5,49,3
2,5,2,1,1,80,7
2,NA,1,2,5,53,4
1,NA,1,1,3,18,NA
1,3,1,1,1,86,NA
4,5,2,1,3,62,5
4,6,2,1,6,70,8
2,4,1,2,2,69,6
4,7,2,1,5,32,5
4,7,2,1,6,40,7
4,5,1,1,5,56,3
2,3,1,1,6,36,7
2,3,2,1,5,23,4
4,3,2,2,6,42,3
3,7,1,2,1,70,NA
3,6,2,2,3,38,7
3,0,2,1,1,53,3
1,1,1,1,4,47,0
2,3,1,2,3,70,0
2,3,1,NA,5,21,3
1,NA,1,1,1,41,5
1,5,1,1,1,24,0
3,6,2,1,4,36,NA
3,3,2,1,3,48,7
3,6,2,1,3,78,8
3,NA,2,1,4,29,0
3,6,2,1,5,46,7
1,3,1,1,5,69,6
3,2,1,1,4,59,10
4,3,2,1,5,36,4
3,7,2,1,4,63,7
1,1,1,1,1,71,5
3,2,2,1,5,35,6
3,5,1,1,1,33,NA
2,0,2,1,5,32,5
2,8,1,1,1,70,8
4,7,2,2,2,81,8
3,3,2,1,4,64,5
2,7,2,2,2,62,5
4,3,1,1,6,67,7
4,3,2,1,4,62,6
3,5,2,1,4,67,7
4,5,2,1,5,73,7
3,3,1,1,1,82,5
1,1,1,1,1,63,5
3,4,1,1,4,49,4
3,8,1,1,3,54,7
4,3,2,1,5,44,6
3,7,2,2,5,58,7
3,2,1,1,4,47,6
4,3,1,2,6,39,3
3,3,2,1,1,65,6
3,7,1,2,6,71,9
2,5,1,1,2,47,7
4,2,2,1,1,80,10
2,2,2,1,3,58,0
3,3,1,2,4,50,5
2,2,1,1,2,46,5
2,5,1,1,1,89,4
2,2,1,2,3,35,5
3,3,2,1,5,26,3
2,4,1,2,2,58,4
2,3,2,2,5,51,3
4,7,2,1,4,55,9
4,2,2,1,6,62,5
2,7,1,1,6,35,5
3,4,1,1,4,27,7
1,4,1,1,1,81,6
3,0,1,1,3,29,5
1,5,1,1,1,72,5
4,0,2,1,4,47,3
3,2,2,1,5,70,3
3,6,2,2,5,70,3
4,1,2,1,1,26,6
3,4,2,1,4,46,5
3,2,1,NA,6,28,6
3,6,1,2,3,59,NA
3,6,1,2,6,34,8
2,3,2,1,1,28,NA
1,1,1,1,3,18,NA
4,2,2,1,5,43,3
2,0,1,1,5,26,0
1,0,1,1,5,20,5
2,7,1,1,6,64,3
3,2,2,2,5,19,NA
2,2,1,1,3,55,5
3,8,2,2,6,23,3
3,4,1,1,1,56,7
3,6,2,2,5,22,7
4,2,2,1,3,52,3
1,0,1,1,3,24,NA
2,0,1,1,3,42,4
2,4,1,2,NA,23,NA
4,3,2,NA,5,44,6
2,4,1,1,4,29,5
3,4,2,1,3,46,5
1,0,1,NA,5,39,NA
3,4,1,1,3,51,8
3,1,2,1,5,51,7
2,3,1,1,1,69,5
3,0,1,1,3,51,8
2,5,2,1,2,64,5
3,5,1,1,1,43,5
4,3,1,1,4,36,4
4,6,NA,2,5,55,1
4,7,2,2,6,60,2
2,3,1,1,4,82,5
1,3,1,1,1,72,NA
4,5,1,2,1,78,5
3,4,2,1,1,35,6
4,4,2,1,6,59,3
3,7,2,1,4,55,3
1,10,1,1,1,56,5
4,3,2,2,6,47,5
3,1,2,2,6,73,2
4,2,2,2,6,64,2
3,4,1,2,4,18,2
3,3,1,1,1,89,5
4,7,2,1,5,66,7
4,7,2,1,3,64,8
4,5,2,1,4,60,8
4,8,2,1,5,69,7
1,NA,1,2,4,20,NA
3,5,2,2,5,70,8
2,5,2,1,5,64,6
4,2,2,1,5,63,3
3,3,2,1,6,73,1
2,4,1,1,3,30,5
2,4,1,1,4,45,5
3,3,2,1,5,50,4
3,4,2,1,3,36,7
3,4,1,1,5,35,NA
3,2,2,1,4,34,5
1,4,1,1,2,70,NA
4,5,2,1,4,52,5
4,3,2,1,5,44,5
1,1,1,1,1,71,1
3,6,2,NA,5,51,5
2,3,1,2,4,19,4
3,1,1,2,5,34,6
3,4,1,NA,5,22,5
4,7,2,1,5,47,8
3,2,1,1,NA,82,5
3,3,1,1,5,31,5
3,2,2,1,5,28,4
4,5,2,1,6,38,4
3,8,2,1,5,29,3
2,2,1,1,5,39,5
4,5,2,1,5,53,6
1,4,2,2,6,46,8
1,3,2,2,4,47,6
2,0,1,1,3,23,4
3,4,1,1,6,26,NA
3,3,1,1,6,32,NA
3,5,2,1,3,66,10
4,1,2,1,6,61,NA
3,1,2,1,6,32,4
3,7,2,1,6,33,4
2,5,2,1,1,68,5
3,8,2,1,4,51,10
4,3,2,2,5,69,7
4,7,2,2,NA,60,6
4,7,2,1,5,47,5
4,6,2,2,6,47,5
3,7,2,1,6,42,5
3,2,2,1,4,36,5
3,3,2,1,6,24,6
4,4,1,1,5,31,4
3,3,1,2,5,54,8
3,1,1,2,6,43,5
2,3,2,1,5,45,7
1,1,2,1,4,31,5
1,2,1,NA,1,25,NA
4,3,1,1,5,46,8
3,6,NA,1,3,57,4
4,5,1,1,5,53,5
1,4,1,1,2,49,7
3,3,2,1,3,55,6
1,0,1,1,2,38,NA
3,1,1,1,3,41,5
4,4,2,1,6,71,5
1,6,1,2,4,54,3
3,0,2,1,1,74,5
4,5,2,1,4,76,8
3,7,2,1,3,79,7
4,6,2,1,5,76,4
3,7,2,1,2,90,7
4,7,2,1,5,30,8
3,2,2,1,4,33,4
4,5,2,1,5,75,10
4,6,2,1,5,67,7
2,3,2,1,5,31,5
3,1,1,1,1,80,7
3,3,2,1,2,45,6
3,5,1,1,1,87,4
3,0,2,2,4,46,NA
3,5,2,1,NA,53,5
4,7,2,1,2,76,7
3,3,2,2,5,22,4
4,4,2,1,3,47,7
4,3,2,1,4,52,2
2,0,1,1,1,82,6
1,3,1,1,1,78,6
2,3,2,1,5,55,5
3,2,1,2,3,40,5
2,4,1,1,3,72,5
3,5,1,2,1,82,0
3,5,2,2,6,37,6
3,8,2,1,NA,42,5
4,2,2,2,6,34,3
4,2,2,2,6,49,2
4,2,2,2,4,63,7
3,0,1,1,4,75,5
3,4,1,1,6,42,NA
3,2,1,1,4,50,6
3,4,2,1,5,58,0
4,1,2,1,5,31,6
3,1,2,2,4,67,7
4,8,2,1,NA,91,10
3,6,2,1,3,69,7
4,7,1,1,5,59,5
3,5,2,1,5,34,7
2,3,1,1,6,69,7
4,0,2,1,4,67,7
3,6,1,1,4,62,NA
4,7,2,2,NA,50,6
3,3,2,1,5,28,5
2,4,2,1,3,68,7
4,5,2,1,5,70,6
3,8,1,1,5,88,7
3,3,1,1,3,53,5
4,5,2,1,5,69,10
2,5,1,1,1,76,5
3,7,2,1,5,74,7
2,5,1,1,5,52,5
3,6,2,2,4,18,4
3,3,2,2,5,26,5
3,4,1,1,4,36,6
4,3,2,2,1,30,2
3,6,2,2,6,44,5
3,6,2,1,6,28,6
2,3,1,1,4,24,4
4,6,2,1,6,42,4
4,7,2,1,6,41,7
2,5,2,1,1,78,NA
1,0,2,1,1,77,5
3,5,2,1,3,71,6
3,4,1,1,1,70,5
3,4,1,2,1,71,5
3,4,2,2,5,29,6
2,4,1,1,2,32,8
3,5,2,1,5,66,5
3,3,2,2,3,60,3
3,5,2,1,1,20,3
2,4,1,2,2,69,5
2,6,2,1,5,74,5
3,6,2,1,2,65,6
4,5,2,1,1,80,2
4,4,2,1,6,66,7
3,5,2,1,6,54,2
4,4,2,1,3,75,8
3,4,1,1,3,33,8
1,5,1,1,3,69,5
3,5,2,2,2,70,8
4,6,2,1,6,35,8
3,1,2,1,4,62,4
1,0,1,1,4,44,NA
2,5,1,2,1,80,5
4,1,2,2,4,74,5
2,3,1,1,1,22,5
1,0,1,1,4,28,5
2,6,1,1,5,55,4
1,1,1,1,1,25,6
3,7,2,1,2,78,5
3,2,1,1,5,58,7
3,10,1,1,5,99,5
3,7,2,1,1,76,10
3,8,1,1,1,77,5
3,6,2,1,3,75,6
3,2,1,1,5,44,8
2,7,1,2,5,37,NA
3,7,2,1,5,49,4
4,5,1,1,4,54,5
3,7,1,1,1,66,5
2,1,1,1,3,45,5
3,3,1,1,5,39,2
3,2,2,2,5,26,5
4,4,2,1,5,71,4
3,4,2,1,5,62,5
2,1,2,2,5,50,8
4,6,2,1,5,74,7
4,6,2,1,5,44,4
4,3,2,2,5,79,5
4,3,2,1,5,40,2
4,3,1,2,5,21,1
1,4,1,1,4,55,5
3,2,2,1,5,61,5
1,NA,1,2,4,52,NA
2,8,1,1,1,56,5
3,8,1,1,1,68,8
3,2,2,1,4,29,5
3,5,1,1,1,26,6
3,3,1,1,4,43,5
2,2,1,1,1,30,NA
3,4,2,1,5,56,NA
4,4,2,1,5,68,2
2,0,1,1,4,40,5
2,4,2,2,5,65,4
3,5,1,2,3,66,7
2,4,1,2,5,27,6
3,4,1,1,5,54,6
3,6,1,1,3,19,7
3,7,2,2,5,72,6
3,5,2,2,5,71,4
3,4,2,1,4,77,8
3,4,1,NA,4,42,7
2,5,2,1,1,52,7
2,3,1,1,4,45,5
2,3,1,1,5,33,5
4,1,1,1,3,57,3
2,1,1,1,5,22,3
3,2,2,1,4,56,8
2,3,2,1,5,34,5
2,5,1,1,4,46,5
3,NA,1,1,6,42,7
3,3,1,1,5,56,5
3,NA,2,1,5,80,7
3,NA,2,1,1,85,8
3,NA,2,1,6,85,3
4,NA,2,2,5,95,NA
1,0,1,1,NA,73,5
3,5,1,1,4,45,5
3,6,2,1,4,62,6
2,0,1,1,2,31,5
3,7,1,1,3,54,7
4,0,2,2,5,26,7
1,NA,1,1,1,30,5
4,3,2,1,3,74,5
3,0,1,1,4,21,2
1,1,1,2,1,54,4
3,2,1,1,4,20,7
4,3,2,2,6,30,3
3,7,2,1,2,78,8
4,2,1,1,6,33,4
3,7,1,2,5,50,5
1,3,1,1,4,52,5
1,5,1,2,4,32,5
3,2,1,1,5,65,7
3,5,2,2,4,46,7
2,4,1,1,1,68,5
3,1,1,2,5,57,7
4,2,1,2,3,46,3
3,4,1,1,1,56,7
2,2,1,1,5,36,NA
4,4,2,1,3,31,5
4,3,2,1,6,45,4
2,3,2,1,5,19,NA
3,6,2,1,1,71,8
3,5,2,1,2,73,5
2,0,1,1,6,53,5
3,1,1,1,1,72,NA
4,4,1,1,3,71,5
2,0,1,1,1,63,NA
3,0,2,1,4,68,5
3,2,2,2,4,57,8
3,6,1,1,1,83,4
3,0,2,2,4,68,5
4,3,2,1,5,41,6
4,7,1,2,5,61,4
3,0,2,2,2,73,4
2,5,1,1,5,25,5
2,4,2,1,5,29,4
1,3,1,1,4,27,6
4,3,2,2,5,39,3
3,4,1,2,3,35,6
3,3,1,2,6,39,6
4,8,2,1,5,61,5
4,1,2,2,5,80,4
3,5,2,1,NA,85,9
3,4,2,1,6,27,4
4,8,2,1,5,65,3
3,2,2,NA,4,20,2
3,2,1,1,6,35,NA
2,4,1,1,4,36,4
2,4,2,1,3,63,5
2,5,1,1,3,60,5
4,5,2,1,3,68,10
2,3,1,1,3,47,7
1,0,1,1,1,29,NA
3,5,2,1,5,62,7
3,0,1,1,5,61,4
4,3,2,1,5,70,3
2,4,1,2,1,50,2
4,8,2,1,2,73,7
2,3,1,2,1,86,2
3,5,2,1,3,75,7
3,0,1,1,4,19,4
2,3,1,2,1,81,8
2,0,1,2,1,87,6
2,7,1,1,1,95,9
4,4,2,1,5,80,7
1,3,2,1,3,61,5
1,3,1,1,4,23,3
3,6,2,1,2,75,7
4,2,2,1,5,62,7
3,2,2,1,5,67,5
2,0,1,1,1,62,1
3,3,1,1,5,59,3
3,4,2,1,3,67,6
2,5,1,1,5,21,5
3,0,1,1,5,48,5
3,4,2,1,5,NA,6
4,4,2,1,5,64,3
4,3,2,1,5,41,2
4,0,2,1,5,53,5
3,4,1,1,5,59,6
3,3,1,1,2,72,5
4,0,1,1,NA,71,5
3,3,1,2,5,26,5
3,0,1,2,4,35,NA
1,3,1,1,1,36,5
3,4,1,2,5,45,NA
1,4,1,2,4,33,3
1,2,1,1,5,75,6
3,1,1,2,1,47,5
4,7,2,2,5,24,9
3,5,2,2,5,79,5
4,7,2,2,4,56,5
4,6,2,1,5,80,3
3,7,2,1,3,NA,10
2,0,1,2,1,67,3
3,1,2,1,3,43,4
3,5,1,1,5,24,0
2,4,1,1,NA,49,5
1,2,1,1,4,39,5
3,4,1,1,5,34,5
1,1,1,1,1,58,2
1,1,1,1,3,47,5
2,3,1,1,3,47,5
4,1,2,2,2,66,6
2,3,1,1,4,65,8
3,1,1,1,3,29,5
4,5,1,2,3,42,5
4,1,2,1,2,60,7
3,4,1,2,4,36,1
1,0,1,2,3,24,3
3,3,2,2,4,25,3
3,4,2,1,3,26,3
2,3,1,1,3,66,7
3,2,2,1,6,24,3
3,4,2,1,5,20,NA
2,3,2,1,6,25,5
3,3,1,2,4,19,3
3,4,2,2,5,23,1
3,6,2,1,4,22,3
3,3,1,2,4,22,3
2,4,1,2,5,22,NA
3,5,1,1,5,22,6
3,5,1,2,1,79,5
3,5,1,2,4,18,5
1,1,1,2,1,67,NA
3,2,1,2,1,34,2
2,0,2,1,1,78,10
4,4,2,2,6,41,4
3,4,2,1,6,46,3
4,3,2,2,5,54,0
3,0,2,2,5,51,5
4,3,2,1,5,55,2
4,5,2,2,5,46,NA
3,5,1,1,3,32,5
4,2,2,2,5,29,1
4,6,1,2,1,87,1
2,2,1,2,5,29,5
4,7,1,2,1,83,5
2,0,1,1,3,45,0
4,1,2,1,6,60,3
3,4,1,1,3,55,7
3,5,1,2,4,79,8
2,2,1,1,5,45,8
2,1,2,2,5,69,0
3,6,2,1,5,88,8
3,5,2,1,5,72,7
3,5,2,1,4,63,5
3,3,2,1,3,78,7
4,6,2,1,3,24,2
3,2,2,1,1,60,0
2,5,1,1,1,89,3
3,3,1,1,3,37,7
3,2,2,1,4,27,5
1,0,1,2,3,46,5
1,2,1,1,5,68,3
4,6,2,1,5,64,4
2,3,2,2,5,61,5
4,7,2,2,2,81,4
4,8,1,2,1,87,8
3,6,1,2,6,59,6
4,4,2,1,5,83,1
1,3,2,1,1,66,2
3,5,2,1,1,73,3
3,0,2,1,2,66,3
3,5,1,1,5,52,7
2,6,2,1,1,78,5
3,0,2,1,4,26,2
2,3,1,2,4,32,5
3,4,2,1,5,51,5
2,3,1,2,1,77,4
4,5,2,1,4,20,8
3,6,1,2,6,31,7
2,2,2,1,6,35,4
4,3,2,2,5,57,6
2,3,1,1,5,26,NA
3,3,2,2,5,68,4
4,2,1,1,4,36,5
2,4,1,1,4,36,5
3,5,1,2,5,40,5
2,8,1,2,5,29,NA
4,7,NA,1,4,34,0
3,0,2,1,2,50,5
2,5,1,1,NA,65,5
2,0,1,1,3,64,6
2,0,1,1,3,NA,7
4,2,2,1,6,79,0
3,5,2,1,3,80,5
4,5,2,1,6,74,8
4,2,2,1,3,69,5
4,3,2,2,6,71,6
3,3,2,1,3,31,7
2,5,1,1,1,25,5
3,2,1,2,1,NA,5
4,4,2,1,6,83,3
3,6,2,1,5,84,5
3,6,2,1,6,61,4
2,7,1,2,5,52,5
4,5,2,2,4,79,0
3,0,2,1,3,40,5
1,2,2,2,3,21,2
3,2,2,2,3,69,3
3,2,1,2,2,70,5
3,0,1,1,1,53,5
3,4,2,1,5,40,7
2,4,1,2,4,67,4
3,2,1,2,5,62,6
3,1,1,2,6,38,NA
3,5,2,1,5,52,3
2,5,2,1,3,72,7
4,3,2,2,5,67,6
4,7,2,1,4,58,6
3,2,2,1,2,63,8
3,0,2,1,4,33,3
2,4,2,1,4,40,0
4,1,2,1,5,31,3
3,5,2,2,4,20,3
3,5,2,2,5,36,6
4,2,1,2,5,54,3
4,4,1,1,5,43,6
3,6,2,1,1,72,5
2,1,1,2,2,42,0
2,7,1,1,1,74,8
3,3,2,1,1,67,8
3,5,2,1,1,72,1
3,3,1,1,6,29,8
3,1,2,1,5,50,3
3,0,2,2,3,60,NA
4,5,2,1,5,64,0
3,4,2,2,5,40,3
1,2,1,1,1,65,NA
1,3,1,1,3,63,5
3,3,1,2,4,38,4
2,4,1,1,6,24,5
3,1,2,2,1,56,5
1,1,1,2,3,41,0
2,6,1,1,6,23,4
4,5,1,1,5,60,4
2,9,2,1,1,80,8
2,3,1,1,3,42,3
2,2,1,1,1,76,5
2,6,1,1,1,85,5
4,6,2,2,6,35,3
3,2,2,1,5,27,5
4,2,2,1,5,62,5
3,5,2,1,5,43,NA
3,3,2,2,5,27,5
3,1,2,2,3,56,5
2,10,1,1,4,59,5
3,0,2,1,3,70,7
2,4,1,2,1,71,5
3,4,2,1,1,73,7
4,3,2,1,5,43,7
2,0,1,1,1,67,5
3,5,2,1,4,19,3
2,0,1,1,4,48,6
2,0,1,1,3,68,5
2,8,1,1,1,66,10
4,8,2,2,6,60,8
3,0,1,1,3,41,2
1,1,1,2,2,52,NA
4,7,2,1,3,30,7
1,5,1,2,4,54,7
3,1,1,1,1,71,5
3,4,2,1,5,70,6
3,0,2,1,3,51,0
4,8,1,1,4,61,0
2,6,2,2,NA,44,7
2,5,1,1,2,27,NA
3,3,1,1,4,53,2
3,2,2,2,6,55,4
3,1,1,1,4,56,4
3,5,1,NA,4,28,5
3,0,1,1,1,69,5
3,6,1,1,3,67,7
2,0,2,2,5,65,7
4,6,2,1,6,53,6
2,5,1,1,5,61,5
3,1,2,1,4,30,7
2,1,1,2,1,39,NA
3,5,2,1,1,58,5
2,4,1,1,4,25,3
3,0,2,1,3,67,4
3,5,1,1,5,24,7
2,3,1,2,4,19,5
4,7,2,2,1,65,9
2,4,2,1,3,23,6
2,0,1,1,4,64,0
3,0,2,1,4,61,8
1,0,1,1,4,53,7
3,4,1,1,5,58,5
3,8,1,1,5,65,8
4,4,2,1,3,18,10
4,6,2,1,5,73,5
2,1,1,1,4,29,NA
3,4,2,2,4,69,5
3,4,2,1,5,61,8
3,3,2,1,5,63,7
3,3,2,1,3,73,4
4,1,2,2,5,56,3
3,0,2,2,5,37,6
2,5,1,1,5,51,5
1,3,1,1,3,60,5
3,5,1,1,4,38,3
1,0,1,1,3,46,1
4,4,2,2,5,68,6
3,3,2,1,4,32,6
2,6,1,2,3,42,2
4,3,2,1,4,23,5
3,3,2,1,5,61,2
4,2,2,1,4,19,4
3,4,2,1,2,77,10
1,0,1,1,4,30,6
2,5,1,1,2,26,6
3,3,1,1,4,24,2
2,7,2,NA,5,44,7
3,8,2,2,4,81,9
2,2,1,1,5,45,5
2,7,1,2,5,51,7
4,4,2,NA,5,48,7
3,4,2,1,5,50,3
4,4,1,1,6,40,4
2,5,1,1,3,54,5
3,6,2,1,4,58,6
3,3,1,1,3,45,5
3,6,2,1,1,77,7
1,4,1,1,4,30,NA
3,6,1,1,2,66,5
2,4,1,1,5,54,5
4,7,2,1,2,79,10
4,5,1,1,6,76,0
2,5,1,1,4,50,4
3,7,2,1,1,80,9
3,6,1,1,3,59,7
3,0,1,1,NA,47,7
2,3,1,2,3,26,NA
1,5,1,1,1,64,5
2,4,2,2,1,71,10
2,6,2,1,1,73,4
4,5,2,1,5,79,5
3,3,2,1,3,62,5
4,6,2,1,3,72,8
1,0,1,1,3,74,5
3,3,2,1,5,72,5
4,1,2,1,6,42,4
3,1,1,1,3,59,7
2,3,1,1,1,80,5
3,8,2,1,5,53,7
3,5,2,1,1,75,6
2,0,1,1,1,89,2
3,3,2,1,5,72,5
4,7,2,1,5,53,5
3,7,2,1,5,73,3
4,8,1,1,5,61,5
3,8,2,1,1,88,8
4,7,2,1,5,65,6
1,6,1,1,3,50,5
3,10,1,1,1,90,5
3,0,1,1,1,55,10
2,1,2,1,5,69,5
3,3,1,1,3,48,5
3,4,2,1,1,71,7
4,0,2,1,3,67,5
3,7,2,1,4,49,5
3,5,2,1,3,73,5
4,6,2,2,5,32,4
4,0,1,2,6,37,2
3,3,2,1,4,40,8
2,0,1,1,1,65,9
3,6,1,1,4,36,5
1,3,1,1,1,28,NA
3,3,1,1,3,42,4
2,3,2,2,1,95,5
3,4,2,2,5,53,4
3,4,1,1,6,30,5
3,4,1,1,NA,65,5
3,7,1,1,5,78,7
2,1,1,1,3,58,5
4,8,2,1,5,62,3
2,NA,1,2,5,31,NA
3,2,2,1,4,75,6
3,2,2,1,5,52,3
3,1,1,NA,5,32,3
2,2,2,1,3,55,5
4,5,1,1,2,78,5
2,3,1,1,3,62,NA
4,5,2,1,3,75,7
3,7,2,1,5,75,8
1,9,1,1,5,NA,NA
3,3,1,1,4,57,5
3,3,2,1,6,63,4
4,8,2,1,1,49,3
1,2,1,1,3,56,5
4,6,1,1,2,68,8
3,6,2,1,5,64,6
3,6,2,1,1,76,6
3,5,2,1,5,42,2
3,3,2,1,5,62,3
4,6,2,1,5,51,5
2,5,2,1,3,48,5
3,3,2,1,2,27,7
2,3,1,1,4,41,NA
2,2,1,1,1,32,5
3,6,2,2,5,76,6
3,3,2,1,6,45,2
3,2,2,1,4,69,3
2,4,1,1,3,50,5
1,4,1,1,4,23,10
4,8,2,2,5,71,6
3,4,2,2,5,21,5
3,0,2,1,3,49,NA
3,2,1,1,3,43,6
1,0,2,1,5,57,7
2,3,2,1,4,39,3
3,2,1,1,4,80,4
2,5,2,2,1,93,7
3,8,2,1,4,29,8
4,5,1,1,1,72,5
2,3,2,1,3,26,4
2,6,2,1,1,76,4
3,1,1,1,6,54,4
4,0,2,1,3,53,8
4,6,2,1,1,71,3
4,6,2,1,1,68,8
2,0,1,1,1,61,5
1,0,1,1,1,57,NA
3,6,1,1,2,73,9
2,4,1,1,5,61,NA
3,1,2,1,5,43,2
3,7,2,1,5,62,6
3,5,1,1,1,84,5
3,6,2,1,5,68,5
1,0,1,1,1,80,NA
3,8,1,2,5,35,5
4,2,1,1,5,36,3
3,0,1,1,5,23,4
4,1,2,1,5,30,NA
4,2,2,1,5,81,2
3,6,1,1,5,74,4
2,2,1,1,5,66,8
4,7,1,1,1,NA,7
3,3,2,NA,5,24,2
4,0,2,1,5,50,4
3,6,2,1,5,58,4
2,5,1,1,1,77,8
2,5,1,2,2,42,5
3,2,1,1,NA,39,5
3,0,1,1,5,52,5
4,0,1,1,1,51,5
3,4,2,1,5,48,5
3,2,2,2,4,45,2
1,1,1,2,1,77,NA
3,5,1,2,5,44,6
4,7,2,2,3,67,5
3,6,2,1,1,67,8
1,1,1,1,5,48,5
1,1,1,1,3,45,NA
4,5,2,1,6,67,3
3,6,2,1,5,69,8
2,5,1,1,3,20,4
4,3,1,1,5,66,8
3,3,1,1,5,48,5
4,7,1,2,5,75,8
3,0,2,1,3,31,7
3,4,2,NA,6,55,2
2,2,1,NA,2,56,5
2,0,2,2,4,78,9
4,0,2,1,1,59,5
1,5,1,1,1,67,5
3,5,2,2,6,41,3
3,4,2,1,1,90,7
3,2,2,1,4,42,5
3,6,2,1,5,89,8
2,3,1,2,5,31,NA
4,6,2,1,6,51,4
3,2,2,2,3,57,3
3,4,2,NA,4,72,NA
3,3,2,1,5,32,NA
4,8,2,1,5,50,8
4,4,1,1,5,52,4
4,8,2,1,4,57,0
4,2,2,1,2,60,2
2,4,1,1,3,55,5
1,5,1,2,1,45,8
3,3,1,1,5,35,5
3,0,2,2,1,85,4
2,4,1,2,4,63,NA
2,3,1,1,4,38,NA
1,5,1,2,2,47,NA
2,3,1,1,4,20,5
3,2,2,1,6,29,2
1,1,1,1,3,44,NA
3,7,2,2,NA,36,NA
3,5,1,1,4,73,7
3,9,2,1,5,52,NA
1,0,1,1,1,59,5
3,5,1,1,4,42,5
1,NA,1,1,3,23,5
3,5,2,2,3,45,3
2,4,2,1,4,36,5
4,5,1,2,4,38,6
3,5,2,1,1,89,8
4,6,2,1,1,70,7
2,0,2,NA,5,26,2
2,0,1,1,5,53,5
3,6,1,1,4,20,4
3,6,1,1,5,54,5
4,3,2,1,5,31,6
3,6,1,2,1,42,4
3,1,2,1,1,64,1
3,4,1,1,6,37,6
3,1,1,1,5,62,5
4,6,2,1,5,74,4
3,2,1,1,6,54,2
4,6,2,1,4,19,2
3,3,2,2,6,64,3
2,2,1,1,5,58,7
2,3,1,NA,4,80,2
3,2,2,1,1,47,5
1,1,1,1,1,71,NA
3,5,2,2,2,56,5
2,4,1,1,1,73,NA
2,1,1,1,3,71,7
2,1,1,2,5,39,3
1,5,1,1,2,46,6
3,6,2,1,4,69,7
4,0,2,1,3,63,5
1,0,1,1,6,37,4
2,4,1,1,2,56,7
3,5,1,2,4,37,5
3,4,2,1,5,81,5
3,0,2,2,5,26,5
3,5,2,1,1,75,3
4,2,2,1,5,66,5
4,5,2,1,4,67,5
3,4,1,1,1,62,7
3,4,2,1,5,59,4
3,2,2,1,4,52,1
3,3,2,1,NA,58,NA
3,7,2,1,3,18,6
2,2,1,1,4,22,3
2,2,1,1,5,24,4
3,2,2,1,5,52,3
3,8,2,1,1,74,10
3,1,2,1,NA,NA,3
4,0,2,1,3,58,8
3,0,1,2,1,52,NA
3,6,2,1,5,80,7
2,2,1,1,4,52,4
4,1,2,1,4,53,3
4,7,2,1,5,34,5
3,4,2,1,2,72,5
3,4,2,1,5,65,7
3,7,2,1,5,58,7
2,3,1,1,2,63,5
3,0,1,1,3,51,5
3,4,1,1,4,35,7
4,2,2,1,5,66,3
1,4,1,1,NA,NA,NA
3,4,2,1,6,31,3
3,0,2,1,4,26,5
4,3,2,1,3,54,3
3,4,2,1,5,30,8
4,0,1,2,6,71,NA
3,6,2,1,6,25,1
4,5,2,1,6,62,1
3,5,2,2,6,38,3
3,0,2,2,3,19,0
3,3,2,2,5,63,3
4,2,2,1,5,43,4
3,8,1,1,3,46,2
3,0,1,1,5,51,NA
4,5,2,2,6,53,1
4,2,2,2,5,63,2
2,2,1,2,5,44,3
3,3,1,1,5,37,3
4,2,2,2,6,76,8
3,4,2,1,5,22,4
3,9,1,1,3,62,8
3,3,2,1,6,42,2
4,5,2,1,5,39,2
3,6,1,1,3,51,6
3,8,1,2,5,50,7
2,6,1,1,1,90,5
3,6,1,1,5,75,8
3,0,1,1,5,48,7
2,5,1,1,1,81,NA
3,5,1,1,3,89,9
2,0,2,2,5,51,5
2,2,1,1,4,29,5
2,3,1,1,3,46,5
3,3,2,2,4,51,6
3,0,2,1,1,74,4
3,6,1,2,5,35,3
3,7,2,1,6,66,2
1,0,1,2,3,46,NA
4,4,2,1,6,39,2
1,2,1,2,4,72,6
4,0,1,1,6,73,5
2,7,1,1,4,51,NA
3,0,1,1,3,25,NA
3,6,2,NA,1,82,5
4,6,2,1,6,84,8
1,5,1,1,5,34,NA
4,3,2,1,5,54,8
2,0,1,1,4,22,5
3,7,2,1,5,65,7
3,3,2,2,5,64,5
3,4,1,1,4,19,4
4,1,1,1,4,31,NA
3,5,1,1,5,44,3
2,5,1,1,4,67,5
2,5,2,2,3,77,5
2,3,2,1,3,75,6
4,6,1,1,6,54,4
2,3,2,2,5,44,3
3,2,1,1,6,55,3
1,1,1,1,5,49,9
3,8,2,2,3,75,7
3,6,2,2,5,53,7
3,5,2,1,5,53,5
3,7,2,1,3,59,5
2,4,2,1,5,46,4
2,5,1,1,5,50,5
2,0,2,1,1,82,5
4,8,2,1,6,86,8
